method_name,lead,hz,losses,n_seeds,class,auc_mean,auc_std,f1_0_5_mean,f1_0_5_std,f1_tuned_mean,f1_tuned_std
II_100hz_bce,II,100,bce,1,NORM,0.87794,0.0,0.75953,0.0,0.78249,0.0
II_100hz_bce,II,100,bce,1,MI,0.78571,0.0,0.46328,0.0,0.54899,0.0
II_100hz_bce,II,100,bce,1,STTC,0.86414,0.0,0.64499,0.0,0.64019,0.0
II_100hz_bce,II,100,bce,1,CD,0.80972,0.0,0.53243,0.0,0.59195,0.0
II_100hz_bce,II,100,bce,1,HYP,0.74675,0.0,0.29592,0.0,0.36865,0.0
"II_100hz_bce,ta_mkd,feature",II,100,"bce,ta_mkd,feature",1,NORM,0.8929,0.0,0.80708,0.0,0.80263,0.0
"II_100hz_bce,ta_mkd,feature",II,100,"bce,ta_mkd,feature",1,MI,0.80899,0.0,0.52423,0.0,0.58195,0.0
"II_100hz_bce,ta_mkd,feature",II,100,"bce,ta_mkd,feature",1,STTC,0.87496,0.0,0.56527,0.0,0.65579,0.0
"II_100hz_bce,ta_mkd,feature",II,100,"bce,ta_mkd,feature",1,CD,0.85836,0.0,0.66739,0.0,0.68293,0.0
"II_100hz_bce,ta_mkd,feature",II,100,"bce,ta_mkd,feature",1,HYP,0.75178,0.0,0.21084,0.0,0.38941,0.0
"II_100hz_bce,ta_mkd",II,100,"bce,ta_mkd",1,NORM,0.89545,0.0,0.8016,0.0,0.80726,0.0
"II_100hz_bce,ta_mkd",II,100,"bce,ta_mkd",1,MI,0.8074,0.0,0.48808,0.0,0.58533,0.0
"II_100hz_bce,ta_mkd",II,100,"bce,ta_mkd",1,STTC,0.87749,0.0,0.62366,0.0,0.665,0.0
"II_100hz_bce,ta_mkd",II,100,"bce,ta_mkd",1,CD,0.85702,0.0,0.6644,0.0,0.66527,0.0
"II_100hz_bce,ta_mkd",II,100,"bce,ta_mkd",1,HYP,0.75237,0.0,0.21557,0.0,0.36782,0.0
"II_100hz_bce,ta_mkd,ta_crf,feature_clecg",II,100,"bce,ta_mkd,ta_crf,feature",1,NORM,0.89488,0.0,0.80194,0.0,0.80712,0.0
"II_100hz_bce,ta_mkd,ta_crf,feature_clecg",II,100,"bce,ta_mkd,ta_crf,feature",1,MI,0.81218,0.0,0.45409,0.0,0.57343,0.0
"II_100hz_bce,ta_mkd,ta_crf,feature_clecg",II,100,"bce,ta_mkd,ta_crf,feature",1,STTC,0.87418,0.0,0.62762,0.0,0.6517,0.0
"II_100hz_bce,ta_mkd,ta_crf,feature_clecg",II,100,"bce,ta_mkd,ta_crf,feature",1,CD,0.85723,0.0,0.66522,0.0,0.67971,0.0
"II_100hz_bce,ta_mkd,ta_crf,feature_clecg",II,100,"bce,ta_mkd,ta_crf,feature",1,HYP,0.7677,0.0,0.22356,0.0,0.3816,0.0
"II_100hz_bce,ta_mkd,ta_crf,feature_clecgta_clecg",II,100,"bce,ta_mkd,ta_crf,feature",1,NORM,0.89606,0.0,0.80449,0.0,0.80602,0.0
"II_100hz_bce,ta_mkd,ta_crf,feature_clecgta_clecg",II,100,"bce,ta_mkd,ta_crf,feature",1,MI,0.82183,0.0,0.54967,0.0,0.59361,0.0
"II_100hz_bce,ta_mkd,ta_crf,feature_clecgta_clecg",II,100,"bce,ta_mkd,ta_crf,feature",1,STTC,0.87148,0.0,0.58612,0.0,0.66251,0.0
"II_100hz_bce,ta_mkd,ta_crf,feature_clecgta_clecg",II,100,"bce,ta_mkd,ta_crf,feature",1,CD,0.86246,0.0,0.66667,0.0,0.68182,0.0
"II_100hz_bce,ta_mkd,ta_crf,feature_clecgta_clecg",II,100,"bce,ta_mkd,ta_crf,feature",1,HYP,0.76058,0.0,0.24929,0.0,0.37168,0.0
"II_100hz_bce,ta_mkd,ta_crf,feature",II,100,"bce,ta_mkd,ta_crf,feature",1,NORM,0.89669,0.0,0.8032,0.0,0.81036,0.0
"II_100hz_bce,ta_mkd,ta_crf,feature",II,100,"bce,ta_mkd,ta_crf,feature",1,MI,0.81181,0.0,0.45122,0.0,0.58629,0.0
"II_100hz_bce,ta_mkd,ta_crf,feature",II,100,"bce,ta_mkd,ta_crf,feature",1,STTC,0.87651,0.0,0.63294,0.0,0.66499,0.0
"II_100hz_bce,ta_mkd,ta_crf,feature",II,100,"bce,ta_mkd,ta_crf,feature",1,CD,0.85866,0.0,0.64376,0.0,0.67025,0.0
"II_100hz_bce,ta_mkd,ta_crf,feature",II,100,"bce,ta_mkd,ta_crf,feature",1,HYP,0.75498,0.0,0.23599,0.0,0.36562,0.0
"II_100hz_bce,ta_mkd,ta_crf,feature_simclr",II,100,"bce,ta_mkd,ta_crf,feature",1,NORM,0.89617,0.0,0.80332,0.0,0.80403,0.0
"II_100hz_bce,ta_mkd,ta_crf,feature_simclr",II,100,"bce,ta_mkd,ta_crf,feature",1,MI,0.81254,0.0,0.46135,0.0,0.56664,0.0
"II_100hz_bce,ta_mkd,ta_crf,feature_simclr",II,100,"bce,ta_mkd,ta_crf,feature",1,STTC,0.87434,0.0,0.58164,0.0,0.65856,0.0
"II_100hz_bce,ta_mkd,ta_crf,feature_simclr",II,100,"bce,ta_mkd,ta_crf,feature",1,CD,0.86486,0.0,0.66438,0.0,0.69801,0.0
"II_100hz_bce,ta_mkd,ta_crf,feature_simclr",II,100,"bce,ta_mkd,ta_crf,feature",1,HYP,0.76602,0.0,0.17419,0.0,0.3747,0.0
"II_100hz_bce,ta_mkd,ta_crf,feature_simclrta_simclr",II,100,"bce,ta_mkd,ta_crf,feature",1,NORM,0.90132,0.0,0.8098,0.0,0.81987,0.0
"II_100hz_bce,ta_mkd,ta_crf,feature_simclrta_simclr",II,100,"bce,ta_mkd,ta_crf,feature",1,MI,0.82268,0.0,0.55128,0.0,0.59441,0.0
"II_100hz_bce,ta_mkd,ta_crf,feature_simclrta_simclr",II,100,"bce,ta_mkd,ta_crf,feature",1,STTC,0.87719,0.0,0.57926,0.0,0.67528,0.0
"II_100hz_bce,ta_mkd,ta_crf,feature_simclrta_simclr",II,100,"bce,ta_mkd,ta_crf,feature",1,CD,0.8666,0.0,0.68972,0.0,0.68266,0.0
"II_100hz_bce,ta_mkd,ta_crf,feature_simclrta_simclr",II,100,"bce,ta_mkd,ta_crf,feature",1,HYP,0.77237,0.0,0.32258,0.0,0.39187,0.0
"II_100hz_bce,ta_mkd,ta_crf",II,100,"bce,ta_mkd,ta_crf",1,NORM,0.89502,0.0,0.80363,0.0,0.8089,0.0
"II_100hz_bce,ta_mkd,ta_crf",II,100,"bce,ta_mkd,ta_crf",1,MI,0.81359,0.0,0.46931,0.0,0.59325,0.0
"II_100hz_bce,ta_mkd,ta_crf",II,100,"bce,ta_mkd,ta_crf",1,STTC,0.87529,0.0,0.63034,0.0,0.66162,0.0
"II_100hz_bce,ta_mkd,ta_crf",II,100,"bce,ta_mkd,ta_crf",1,CD,0.85729,0.0,0.64877,0.0,0.64465,0.0
"II_100hz_bce,ta_mkd,ta_crf",II,100,"bce,ta_mkd,ta_crf",1,HYP,0.75479,0.0,0.22492,0.0,0.36849,0.0
"II_100hz_bce,teacher_mkd,ta_mkd,ta_crf,feature",II,100,"bce,teacher_mkd,ta_mkd,ta_crf,feature",1,NORM,0.89591,0.0,0.80565,0.0,0.80637,0.0
"II_100hz_bce,teacher_mkd,ta_mkd,ta_crf,feature",II,100,"bce,teacher_mkd,ta_mkd,ta_crf,feature",1,MI,0.81118,0.0,0.48402,0.0,0.59003,0.0
"II_100hz_bce,teacher_mkd,ta_mkd,ta_crf,feature",II,100,"bce,teacher_mkd,ta_mkd,ta_crf,feature",1,STTC,0.87597,0.0,0.60927,0.0,0.67161,0.0
"II_100hz_bce,teacher_mkd,ta_mkd,ta_crf,feature",II,100,"bce,teacher_mkd,ta_mkd,ta_crf,feature",1,CD,0.85587,0.0,0.6431,0.0,0.67515,0.0
"II_100hz_bce,teacher_mkd,ta_mkd,ta_crf,feature",II,100,"bce,teacher_mkd,ta_mkd,ta_crf,feature",1,HYP,0.75572,0.0,0.25753,0.0,0.37398,0.0
"II_50hz_bce,gated_kd,feature",II,50,"bce,gated_kd,feature",1,NORM,0.88372,0.0,0.79787,0.0,0.79827,0.0
"II_50hz_bce,gated_kd,feature",II,50,"bce,gated_kd,feature",1,MI,0.78737,0.0,0.48098,0.0,0.56604,0.0
"II_50hz_bce,gated_kd,feature",II,50,"bce,gated_kd,feature",1,STTC,0.8624,0.0,0.57845,0.0,0.63291,0.0
"II_50hz_bce,gated_kd,feature",II,50,"bce,gated_kd,feature",1,CD,0.8448,0.0,0.62727,0.0,0.62227,0.0
"II_50hz_bce,gated_kd,feature",II,50,"bce,gated_kd,feature",1,HYP,0.73652,0.0,0.18927,0.0,0.35889,0.0
"II_50hz_bce,gated_kd",II,50,"bce,gated_kd",1,NORM,0.88401,0.0,0.79635,0.0,0.79508,0.0
"II_50hz_bce,gated_kd",II,50,"bce,gated_kd",1,MI,0.78685,0.0,0.46333,0.0,0.55941,0.0
"II_50hz_bce,gated_kd",II,50,"bce,gated_kd",1,STTC,0.86256,0.0,0.58153,0.0,0.63289,0.0
"II_50hz_bce,gated_kd",II,50,"bce,gated_kd",1,CD,0.83658,0.0,0.61995,0.0,0.65166,0.0
"II_50hz_bce,gated_kd",II,50,"bce,gated_kd",1,HYP,0.72093,0.0,0.23853,0.0,0.34543,0.0
II_50hz_bce_gated_kd_ta_crf_feature_cadap,II,50,bce_gated_kd_ta_crf_feature_cadap,1,NORM,0.88492,0.0,0.79807,0.0,0.79598,0.0
II_50hz_bce_gated_kd_ta_crf_feature_cadap,II,50,bce_gated_kd_ta_crf_feature_cadap,1,MI,0.79026,0.0,0.5071,0.0,0.55722,0.0
II_50hz_bce_gated_kd_ta_crf_feature_cadap,II,50,bce_gated_kd_ta_crf_feature_cadap,1,STTC,0.86109,0.0,0.59978,0.0,0.64556,0.0
II_50hz_bce_gated_kd_ta_crf_feature_cadap,II,50,bce_gated_kd_ta_crf_feature_cadap,1,CD,0.84176,0.0,0.63294,0.0,0.6565,0.0
II_50hz_bce_gated_kd_ta_crf_feature_cadap,II,50,bce_gated_kd_ta_crf_feature_cadap,1,HYP,0.73408,0.0,0.28726,0.0,0.35905,0.0
"II_50hz_bce,gated_kd,ta_crf,feature",II,50,"bce,gated_kd,ta_crf,feature",1,NORM,0.88492,0.0,0.79807,0.0,0.79598,0.0
"II_50hz_bce,gated_kd,ta_crf,feature",II,50,"bce,gated_kd,ta_crf,feature",1,MI,0.79026,0.0,0.5071,0.0,0.55722,0.0
"II_50hz_bce,gated_kd,ta_crf,feature",II,50,"bce,gated_kd,ta_crf,feature",1,STTC,0.86109,0.0,0.59978,0.0,0.64556,0.0
"II_50hz_bce,gated_kd,ta_crf,feature",II,50,"bce,gated_kd,ta_crf,feature",1,CD,0.84176,0.0,0.63294,0.0,0.6565,0.0
"II_50hz_bce,gated_kd,ta_crf,feature",II,50,"bce,gated_kd,ta_crf,feature",1,HYP,0.73408,0.0,0.28726,0.0,0.35905,0.0
"II_50hz_bce,gated_kd,ta_crf",II,50,"bce,gated_kd,ta_crf",1,NORM,0.88739,0.0,0.79845,0.0,0.79529,0.0
"II_50hz_bce,gated_kd,ta_crf",II,50,"bce,gated_kd,ta_crf",1,MI,0.79201,0.0,0.4603,0.0,0.57251,0.0
"II_50hz_bce,gated_kd,ta_crf",II,50,"bce,gated_kd,ta_crf",1,STTC,0.86357,0.0,0.59688,0.0,0.62979,0.0
"II_50hz_bce,gated_kd,ta_crf",II,50,"bce,gated_kd,ta_crf",1,CD,0.84587,0.0,0.61058,0.0,0.6214,0.0
"II_50hz_bce,gated_kd,ta_crf",II,50,"bce,gated_kd,ta_crf",1,HYP,0.74572,0.0,0.26705,0.0,0.36742,0.0
II_50hz_bce_prog,II,50,bce,1,NORM,0.86943,0.0,0.78467,0.0,0.78692,0.0
II_50hz_bce_prog,II,50,bce,1,MI,0.77281,0.0,0.42092,0.0,0.53368,0.0
II_50hz_bce_prog,II,50,bce,1,STTC,0.83863,0.0,0.56612,0.0,0.60392,0.0
II_50hz_bce_prog,II,50,bce,1,CD,0.80763,0.0,0.5259,0.0,0.59707,0.0
II_50hz_bce_prog,II,50,bce,1,HYP,0.7421,0.0,0.20561,0.0,0.34853,0.0
II_50hz_bce,II,50,bce,1,NORM,0.86943,0.0,0.78467,0.0,0.78692,0.0
II_50hz_bce,II,50,bce,1,MI,0.77281,0.0,0.42092,0.0,0.53368,0.0
II_50hz_bce,II,50,bce,1,STTC,0.83863,0.0,0.56612,0.0,0.60392,0.0
II_50hz_bce,II,50,bce,1,CD,0.80763,0.0,0.5259,0.0,0.59707,0.0
II_50hz_bce,II,50,bce,1,HYP,0.7421,0.0,0.20561,0.0,0.34853,0.0
"II_50hz_bce,ta_mkd,feature",II,50,"bce,ta_mkd,feature",1,NORM,0.88706,0.0,0.79148,0.0,0.8,0.0
"II_50hz_bce,ta_mkd,feature",II,50,"bce,ta_mkd,feature",1,MI,0.79509,0.0,0.48961,0.0,0.57571,0.0
"II_50hz_bce,ta_mkd,feature",II,50,"bce,ta_mkd,feature",1,STTC,0.86745,0.0,0.58419,0.0,0.63504,0.0
"II_50hz_bce,ta_mkd,feature",II,50,"bce,ta_mkd,feature",1,CD,0.84846,0.0,0.6295,0.0,0.65864,0.0
"II_50hz_bce,ta_mkd,feature",II,50,"bce,ta_mkd,feature",1,HYP,0.73643,0.0,0.23907,0.0,0.36409,0.0
"II_50hz_bce,ta_mkd_prog",II,50,"bce,ta_mkd",1,NORM,0.89025,0.0,0.80581,0.0,0.80376,0.0
"II_50hz_bce,ta_mkd_prog",II,50,"bce,ta_mkd",1,MI,0.79992,0.0,0.48533,0.0,0.57908,0.0
"II_50hz_bce,ta_mkd_prog",II,50,"bce,ta_mkd",1,STTC,0.86809,0.0,0.59117,0.0,0.64537,0.0
"II_50hz_bce,ta_mkd_prog",II,50,"bce,ta_mkd",1,CD,0.84594,0.0,0.61482,0.0,0.64783,0.0
"II_50hz_bce,ta_mkd_prog",II,50,"bce,ta_mkd",1,HYP,0.74271,0.0,0.24277,0.0,0.34622,0.0
"II_50hz_bce,ta_mkd",II,50,"bce,ta_mkd",1,NORM,0.88712,0.0,0.79828,0.0,0.79903,0.0
"II_50hz_bce,ta_mkd",II,50,"bce,ta_mkd",1,MI,0.78942,0.0,0.43926,0.0,0.5655,0.0
"II_50hz_bce,ta_mkd",II,50,"bce,ta_mkd",1,STTC,0.86281,0.0,0.54501,0.0,0.64725,0.0
"II_50hz_bce,ta_mkd",II,50,"bce,ta_mkd",1,CD,0.84501,0.0,0.64896,0.0,0.64896,0.0
"II_50hz_bce,ta_mkd",II,50,"bce,ta_mkd",1,HYP,0.73132,0.0,0.23313,0.0,0.36748,0.0
II_50hz_bce_ta_mkd_ta_crf_feature_cadap,II,50,bce_ta_mkd_ta_crf_feature_cadap,1,NORM,0.89038,0.0,0.79961,0.0,0.79776,0.0
II_50hz_bce_ta_mkd_ta_crf_feature_cadap,II,50,bce_ta_mkd_ta_crf_feature_cadap,1,MI,0.79848,0.0,0.44307,0.0,0.57862,0.0
II_50hz_bce_ta_mkd_ta_crf_feature_cadap,II,50,bce_ta_mkd_ta_crf_feature_cadap,1,STTC,0.87044,0.0,0.60068,0.0,0.63782,0.0
II_50hz_bce_ta_mkd_ta_crf_feature_cadap,II,50,bce_ta_mkd_ta_crf_feature_cadap,1,CD,0.84509,0.0,0.6181,0.0,0.64388,0.0
II_50hz_bce_ta_mkd_ta_crf_feature_cadap,II,50,bce_ta_mkd_ta_crf_feature_cadap,1,HYP,0.74553,0.0,0.26593,0.0,0.37217,0.0
"II_50hz_bce,ta_mkd,ta_crf,feature_clecg",II,50,"bce,ta_mkd,ta_crf,feature",1,NORM,0.89029,0.0,0.80324,0.0,0.7854,0.0
"II_50hz_bce,ta_mkd,ta_crf,feature_clecg",II,50,"bce,ta_mkd,ta_crf,feature",1,MI,0.79888,0.0,0.42264,0.0,0.56661,0.0
"II_50hz_bce,ta_mkd,ta_crf,feature_clecg",II,50,"bce,ta_mkd,ta_crf,feature",1,STTC,0.87165,0.0,0.5848,0.0,0.65998,0.0
"II_50hz_bce,ta_mkd,ta_crf,feature_clecg",II,50,"bce,ta_mkd,ta_crf,feature",1,CD,0.84874,0.0,0.66165,0.0,0.65966,0.0
"II_50hz_bce,ta_mkd,ta_crf,feature_clecg",II,50,"bce,ta_mkd,ta_crf,feature",1,HYP,0.7494,0.0,0.21384,0.0,0.3545,0.0
"II_50hz_bce,ta_mkd,ta_crf,feature_prog",II,50,"bce,ta_mkd,ta_crf,feature",1,NORM,0.89055,0.0,0.79367,0.0,0.80205,0.0
"II_50hz_bce,ta_mkd,ta_crf,feature_prog",II,50,"bce,ta_mkd,ta_crf,feature",1,MI,0.80057,0.0,0.49498,0.0,0.57095,0.0
"II_50hz_bce,ta_mkd,ta_crf,feature_prog",II,50,"bce,ta_mkd,ta_crf,feature",1,STTC,0.86743,0.0,0.59661,0.0,0.64127,0.0
"II_50hz_bce,ta_mkd,ta_crf,feature_prog",II,50,"bce,ta_mkd,ta_crf,feature",1,CD,0.852,0.0,0.62665,0.0,0.66595,0.0
"II_50hz_bce,ta_mkd,ta_crf,feature_prog",II,50,"bce,ta_mkd,ta_crf,feature",1,HYP,0.7496,0.0,0.25882,0.0,0.37288,0.0
"II_50hz_bce,ta_mkd,ta_crf,feature_prog_simclr",II,50,"bce,ta_mkd,ta_crf,feature",1,NORM,0.89248,0.0,0.80271,0.0,0.80764,0.0
"II_50hz_bce,ta_mkd,ta_crf,feature_prog_simclr",II,50,"bce,ta_mkd,ta_crf,feature",1,MI,0.80543,0.0,0.50756,0.0,0.58274,0.0
"II_50hz_bce,ta_mkd,ta_crf,feature_prog_simclr",II,50,"bce,ta_mkd,ta_crf,feature",1,STTC,0.87558,0.0,0.60395,0.0,0.67082,0.0
"II_50hz_bce,ta_mkd,ta_crf,feature_prog_simclr",II,50,"bce,ta_mkd,ta_crf,feature",1,CD,0.86476,0.0,0.64216,0.0,0.65977,0.0
"II_50hz_bce,ta_mkd,ta_crf,feature_prog_simclr",II,50,"bce,ta_mkd,ta_crf,feature",1,HYP,0.75964,0.0,0.24169,0.0,0.36693,0.0
"II_50hz_bce,ta_mkd,ta_crf,feature",II,50,"bce,ta_mkd,ta_crf,feature",1,NORM,0.89038,0.0,0.79961,0.0,0.79776,0.0
"II_50hz_bce,ta_mkd,ta_crf,feature",II,50,"bce,ta_mkd,ta_crf,feature",1,MI,0.79848,0.0,0.44307,0.0,0.57862,0.0
"II_50hz_bce,ta_mkd,ta_crf,feature",II,50,"bce,ta_mkd,ta_crf,feature",1,STTC,0.87044,0.0,0.60068,0.0,0.63782,0.0
"II_50hz_bce,ta_mkd,ta_crf,feature",II,50,"bce,ta_mkd,ta_crf,feature",1,CD,0.84509,0.0,0.6181,0.0,0.64388,0.0
"II_50hz_bce,ta_mkd,ta_crf,feature",II,50,"bce,ta_mkd,ta_crf,feature",1,HYP,0.74553,0.0,0.26593,0.0,0.37217,0.0
"II_50hz_bce,ta_mkd,ta_crf",II,50,"bce,ta_mkd,ta_crf",1,NORM,0.88837,0.0,0.79592,0.0,0.79926,0.0
"II_50hz_bce,ta_mkd,ta_crf",II,50,"bce,ta_mkd,ta_crf",1,MI,0.7934,0.0,0.47991,0.0,0.56761,0.0
"II_50hz_bce,ta_mkd,ta_crf",II,50,"bce,ta_mkd,ta_crf",1,STTC,0.86778,0.0,0.58207,0.0,0.62547,0.0
"II_50hz_bce,ta_mkd,ta_crf",II,50,"bce,ta_mkd,ta_crf",1,CD,0.84982,0.0,0.63036,0.0,0.65828,0.0
"II_50hz_bce,ta_mkd,ta_crf",II,50,"bce,ta_mkd,ta_crf",1,HYP,0.74197,0.0,0.24928,0.0,0.36273,0.0
"II_50hz_bce,teacher_mkd,ta_mkd,ta_crf,feature",II,50,"bce,teacher_mkd,ta_mkd,ta_crf,feature",1,NORM,0.888,0.0,0.80019,0.0,0.8,0.0
"II_50hz_bce,teacher_mkd,ta_mkd,ta_crf,feature",II,50,"bce,teacher_mkd,ta_mkd,ta_crf,feature",1,MI,0.79618,0.0,0.41624,0.0,0.57619,0.0
"II_50hz_bce,teacher_mkd,ta_mkd,ta_crf,feature",II,50,"bce,teacher_mkd,ta_mkd,ta_crf,feature",1,STTC,0.86899,0.0,0.58945,0.0,0.66231,0.0
"II_50hz_bce,teacher_mkd,ta_mkd,ta_crf,feature",II,50,"bce,teacher_mkd,ta_mkd,ta_crf,feature",1,CD,0.84661,0.0,0.62884,0.0,0.65328,0.0
"II_50hz_bce,teacher_mkd,ta_mkd,ta_crf,feature",II,50,"bce,teacher_mkd,ta_mkd,ta_crf,feature",1,HYP,0.75031,0.0,0.24581,0.0,0.37659,0.0
I_100hz_bce,I,100,bce,1,NORM,0.8724,0.0,0.75962,0.0,0.78539,0.0
I_100hz_bce,I,100,bce,1,MI,0.76118,0.0,0.17225,0.0,0.50788,0.0
I_100hz_bce,I,100,bce,1,STTC,0.86638,0.0,0.30581,0.0,0.65108,0.0
I_100hz_bce,I,100,bce,1,CD,0.78381,0.0,0.49499,0.0,0.55059,0.0
I_100hz_bce,I,100,bce,1,HYP,0.78508,0.0,0.34286,0.0,0.41748,0.0
"I_100hz_bce,ta_mkd",I,100,"bce,ta_mkd",1,NORM,0.88318,0.0,0.72331,0.0,0.78475,0.0
"I_100hz_bce,ta_mkd",I,100,"bce,ta_mkd",1,MI,0.77703,0.0,0.55223,0.0,0.54874,0.0
"I_100hz_bce,ta_mkd",I,100,"bce,ta_mkd",1,STTC,0.87491,0.0,0.49869,0.0,0.66054,0.0
"I_100hz_bce,ta_mkd",I,100,"bce,ta_mkd",1,CD,0.81098,0.0,0.58273,0.0,0.56742,0.0
"I_100hz_bce,ta_mkd",I,100,"bce,ta_mkd",1,HYP,0.79476,0.0,0.32312,0.0,0.42718,0.0
"I_100hz_bce,ta_mkd,ta_crf,feature_clecg",I,100,"bce,ta_mkd,ta_crf,feature",1,NORM,0.88772,0.0,0.71762,0.0,0.79415,0.0
"I_100hz_bce,ta_mkd,ta_crf,feature_clecg",I,100,"bce,ta_mkd,ta_crf,feature",1,MI,0.78717,0.0,0.56105,0.0,0.55477,0.0
"I_100hz_bce,ta_mkd,ta_crf,feature_clecg",I,100,"bce,ta_mkd,ta_crf,feature",1,STTC,0.8775,0.0,0.53652,0.0,0.66886,0.0
"I_100hz_bce,ta_mkd,ta_crf,feature_clecg",I,100,"bce,ta_mkd,ta_crf,feature",1,CD,0.81793,0.0,0.56827,0.0,0.58617,0.0
"I_100hz_bce,ta_mkd,ta_crf,feature_clecg",I,100,"bce,ta_mkd,ta_crf,feature",1,HYP,0.80412,0.0,0.27628,0.0,0.4322,0.0
"I_100hz_bce,ta_mkd,ta_crf,feature_clecgta_clecg",I,100,"bce,ta_mkd,ta_crf,feature",1,NORM,0.88315,0.0,0.79309,0.0,0.79893,0.0
"I_100hz_bce,ta_mkd,ta_crf,feature_clecgta_clecg",I,100,"bce,ta_mkd,ta_crf,feature",1,MI,0.77371,0.0,0.3975,0.0,0.54956,0.0
"I_100hz_bce,ta_mkd,ta_crf,feature_clecgta_clecg",I,100,"bce,ta_mkd,ta_crf,feature",1,STTC,0.87468,0.0,0.6537,0.0,0.66442,0.0
"I_100hz_bce,ta_mkd,ta_crf,feature_clecgta_clecg",I,100,"bce,ta_mkd,ta_crf,feature",1,CD,0.81382,0.0,0.53835,0.0,0.59189,0.0
"I_100hz_bce,ta_mkd,ta_crf,feature_clecgta_clecg",I,100,"bce,ta_mkd,ta_crf,feature",1,HYP,0.80322,0.0,0.4396,0.0,0.46345,0.0
"I_100hz_bce,ta_mkd,ta_crf,feature",I,100,"bce,ta_mkd,ta_crf,feature",1,NORM,0.88374,0.0,0.74037,0.0,0.78966,0.0
"I_100hz_bce,ta_mkd,ta_crf,feature",I,100,"bce,ta_mkd,ta_crf,feature",1,MI,0.77664,0.0,0.55887,0.0,0.55644,0.0
"I_100hz_bce,ta_mkd,ta_crf,feature",I,100,"bce,ta_mkd,ta_crf,feature",1,STTC,0.87319,0.0,0.51421,0.0,0.66226,0.0
"I_100hz_bce,ta_mkd,ta_crf,feature",I,100,"bce,ta_mkd,ta_crf,feature",1,CD,0.81374,0.0,0.58746,0.0,0.59313,0.0
"I_100hz_bce,ta_mkd,ta_crf,feature",I,100,"bce,ta_mkd,ta_crf,feature",1,HYP,0.7986,0.0,0.27381,0.0,0.43045,0.0
"I_100hz_bce,ta_mkd,ta_crf,feature_simclr",I,100,"bce,ta_mkd,ta_crf,feature",1,NORM,0.88317,0.0,0.69751,0.0,0.79101,0.0
"I_100hz_bce,ta_mkd,ta_crf,feature_simclr",I,100,"bce,ta_mkd,ta_crf,feature",1,MI,0.78066,0.0,0.55023,0.0,0.55227,0.0
"I_100hz_bce,ta_mkd,ta_crf,feature_simclr",I,100,"bce,ta_mkd,ta_crf,feature",1,STTC,0.87687,0.0,0.48413,0.0,0.67601,0.0
"I_100hz_bce,ta_mkd,ta_crf,feature_simclr",I,100,"bce,ta_mkd,ta_crf,feature",1,CD,0.82527,0.0,0.59334,0.0,0.59565,0.0
"I_100hz_bce,ta_mkd,ta_crf,feature_simclr",I,100,"bce,ta_mkd,ta_crf,feature",1,HYP,0.80496,0.0,0.29412,0.0,0.43109,0.0
"I_100hz_bce,ta_mkd,ta_crf,feature_simclrta_simclr",I,100,"bce,ta_mkd,ta_crf,feature",1,NORM,0.88523,0.0,0.79776,0.0,0.79665,0.0
"I_100hz_bce,ta_mkd,ta_crf,feature_simclrta_simclr",I,100,"bce,ta_mkd,ta_crf,feature",1,MI,0.79545,0.0,0.48698,0.0,0.56039,0.0
"I_100hz_bce,ta_mkd,ta_crf,feature_simclrta_simclr",I,100,"bce,ta_mkd,ta_crf,feature",1,STTC,0.87944,0.0,0.61504,0.0,0.67745,0.0
"I_100hz_bce,ta_mkd,ta_crf,feature_simclrta_simclr",I,100,"bce,ta_mkd,ta_crf,feature",1,CD,0.82751,0.0,0.59516,0.0,0.58566,0.0
"I_100hz_bce,ta_mkd,ta_crf,feature_simclrta_simclr",I,100,"bce,ta_mkd,ta_crf,feature",1,HYP,0.80459,0.0,0.38144,0.0,0.44522,0.0
I_50hz_bce,I,50,bce,1,NORM,0.85215,0.0,0.73496,0.0,0.7696,0.0
I_50hz_bce,I,50,bce,1,MI,0.68433,0.0,0.08306,0.0,0.49275,0.0
I_50hz_bce,I,50,bce,1,STTC,0.83291,0.0,0.58824,0.0,0.59861,0.0
I_50hz_bce,I,50,bce,1,CD,0.76968,0.0,0.49811,0.0,0.53601,0.0
I_50hz_bce,I,50,bce,1,HYP,0.7196,0.0,0.18338,0.0,0.31849,0.0
"I_50hz_bce,ta_mkd,ta_crf,feature_clecg",I,50,"bce,ta_mkd,ta_crf,feature",1,NORM,0.86149,0.0,0.66467,0.0,0.77658,0.0
"I_50hz_bce,ta_mkd,ta_crf,feature_clecg",I,50,"bce,ta_mkd,ta_crf,feature",1,MI,0.74152,0.0,0.52536,0.0,0.53043,0.0
"I_50hz_bce,ta_mkd,ta_crf,feature_clecg",I,50,"bce,ta_mkd,ta_crf,feature",1,STTC,0.85782,0.0,0.33588,0.0,0.63902,0.0
"I_50hz_bce,ta_mkd,ta_crf,feature_clecg",I,50,"bce,ta_mkd,ta_crf,feature",1,CD,0.8095,0.0,0.57521,0.0,0.57942,0.0
"I_50hz_bce,ta_mkd,ta_crf,feature_clecg",I,50,"bce,ta_mkd,ta_crf,feature",1,HYP,0.72107,0.0,0.09756,0.0,0.31318,0.0
"I_50hz_bce,ta_mkd,ta_crf,feature",I,50,"bce,ta_mkd,ta_crf,feature",1,NORM,0.86166,0.0,0.60131,0.0,0.77253,0.0
"I_50hz_bce,ta_mkd,ta_crf,feature",I,50,"bce,ta_mkd,ta_crf,feature",1,MI,0.73404,0.0,0.5061,0.0,0.52885,0.0
"I_50hz_bce,ta_mkd,ta_crf,feature",I,50,"bce,ta_mkd,ta_crf,feature",1,STTC,0.85733,0.0,0.48378,0.0,0.63692,0.0
"I_50hz_bce,ta_mkd,ta_crf,feature",I,50,"bce,ta_mkd,ta_crf,feature",1,CD,0.7946,0.0,0.54826,0.0,0.56583,0.0
"I_50hz_bce,ta_mkd,ta_crf,feature",I,50,"bce,ta_mkd,ta_crf,feature",1,HYP,0.73061,0.0,0.17949,0.0,0.34839,0.0
ta_II_100hz_from_ta500,II,100,"bce,mkd,crf,feat_from_ta500",1,NORM,0.89578,0.0,0.80198,0.0,0.80702,0.0
ta_II_100hz_from_ta500,II,100,"bce,mkd,crf,feat_from_ta500",1,MI,0.81117,0.0,0.5281,0.0,0.56673,0.0
ta_II_100hz_from_ta500,II,100,"bce,mkd,crf,feat_from_ta500",1,STTC,0.87535,0.0,0.60647,0.0,0.65633,0.0
ta_II_100hz_from_ta500,II,100,"bce,mkd,crf,feat_from_ta500",1,CD,0.85911,0.0,0.66042,0.0,0.67647,0.0
ta_II_100hz_from_ta500,II,100,"bce,mkd,crf,feat_from_ta500",1,HYP,0.76494,0.0,0.27624,0.0,0.38786,0.0
ta_II_500hz_clecg,II,500,"bce,mkd,crf+clecg",1,NORM,0.8937,0.0,0.80419,0.0,0.80657,0.0
ta_II_500hz_clecg,II,500,"bce,mkd,crf+clecg",1,MI,0.82384,0.0,0.56545,0.0,0.5975,0.0
ta_II_500hz_clecg,II,500,"bce,mkd,crf+clecg",1,STTC,0.87258,0.0,0.54386,0.0,0.64557,0.0
ta_II_500hz_clecg,II,500,"bce,mkd,crf+clecg",1,CD,0.86749,0.0,0.67554,0.0,0.68197,0.0
ta_II_500hz_clecg,II,500,"bce,mkd,crf+clecg",1,HYP,0.75822,0.0,0.2865,0.0,0.37596,0.0
ta_II_500hz,II,500,"bce,mkd,crf",1,NORM,0.89494,0.0,0.81053,0.0,0.81094,0.0
ta_II_500hz,II,500,"bce,mkd,crf",1,MI,0.8144,0.0,0.46886,0.0,0.58745,0.0
ta_II_500hz,II,500,"bce,mkd,crf",1,STTC,0.87177,0.0,0.60116,0.0,0.65756,0.0
ta_II_500hz,II,500,"bce,mkd,crf",1,CD,0.8606,0.0,0.66737,0.0,0.66596,0.0
ta_II_500hz,II,500,"bce,mkd,crf",1,HYP,0.76211,0.0,0.23284,0.0,0.37971,0.0
ta_II_500hz_simclr,II,500,"bce,mkd,crf+simclr",1,NORM,0.90021,0.0,0.81871,0.0,0.81839,0.0
ta_II_500hz_simclr,II,500,"bce,mkd,crf+simclr",1,MI,0.82264,0.0,0.55521,0.0,0.59948,0.0
ta_II_500hz_simclr,II,500,"bce,mkd,crf+simclr",1,STTC,0.87503,0.0,0.57283,0.0,0.65509,0.0
ta_II_500hz_simclr,II,500,"bce,mkd,crf+simclr",1,CD,0.86802,0.0,0.69157,0.0,0.67497,0.0
ta_II_500hz_simclr,II,500,"bce,mkd,crf+simclr",1,HYP,0.7661,0.0,0.30617,0.0,0.39645,0.0
ta_I_500hz_clecg,I,500,"bce,mkd,crf+clecg",1,NORM,0.88653,0.0,0.80336,0.0,0.80571,0.0
ta_I_500hz_clecg,I,500,"bce,mkd,crf+clecg",1,MI,0.78024,0.0,0.44755,0.0,0.558,0.0
ta_I_500hz_clecg,I,500,"bce,mkd,crf+clecg",1,STTC,0.88102,0.0,0.65231,0.0,0.67996,0.0
ta_I_500hz_clecg,I,500,"bce,mkd,crf+clecg",1,CD,0.82805,0.0,0.53541,0.0,0.59203,0.0
ta_I_500hz_clecg,I,500,"bce,mkd,crf+clecg",1,HYP,0.80122,0.0,0.45505,0.0,0.44898,0.0
ta_I_500hz,I,500,"bce,mkd,crf",1,NORM,0.88356,0.0,0.70077,0.0,0.78996,0.0
ta_I_500hz,I,500,"bce,mkd,crf",1,MI,0.76697,0.0,0.55413,0.0,0.54398,0.0
ta_I_500hz,I,500,"bce,mkd,crf",1,STTC,0.87796,0.0,0.48627,0.0,0.67448,0.0
ta_I_500hz,I,500,"bce,mkd,crf",1,CD,0.81683,0.0,0.58522,0.0,0.58522,0.0
ta_I_500hz,I,500,"bce,mkd,crf",1,HYP,0.80227,0.0,0.34078,0.0,0.44057,0.0
ta_I_500hz_simclr,I,500,"bce,mkd,crf+simclr",1,NORM,0.88682,0.0,0.79532,0.0,0.79217,0.0
ta_I_500hz_simclr,I,500,"bce,mkd,crf+simclr",1,MI,0.78928,0.0,0.48505,0.0,0.55477,0.0
ta_I_500hz_simclr,I,500,"bce,mkd,crf+simclr",1,STTC,0.87997,0.0,0.60802,0.0,0.67192,0.0
ta_I_500hz_simclr,I,500,"bce,mkd,crf+simclr",1,CD,0.82999,0.0,0.60417,0.0,0.60268,0.0
ta_I_500hz_simclr,I,500,"bce,mkd,crf+simclr",1,HYP,0.80386,0.0,0.41,0.0,0.45283,0.0
ta_ii_500hz,ii,500,"bce,mkd,crf",1,NORM,0.89837,0.0,0.80957,0.0,0.80957,0.0
ta_ii_500hz,ii,500,"bce,mkd,crf",1,MI,0.82033,0.0,0.59016,0.0,0.59016,0.0
ta_ii_500hz,ii,500,"bce,mkd,crf",1,STTC,0.87762,0.0,0.66291,0.0,0.66291,0.0
ta_ii_500hz,ii,500,"bce,mkd,crf",1,CD,0.86818,0.0,0.6729,0.0,0.6729,0.0
ta_ii_500hz,ii,500,"bce,mkd,crf",1,HYP,0.76394,0.0,0.38133,0.0,0.38133,0.0
teacher_12lead_500hz,12,500,bce,1,NORM,0.94014,0.0,0.84883,0.0,0.84883,0.0
teacher_12lead_500hz,12,500,bce,1,MI,0.93008,0.0,0.75891,0.0,0.75891,0.0
teacher_12lead_500hz,12,500,bce,1,STTC,0.92881,0.0,0.75536,0.0,0.75536,0.0
teacher_12lead_500hz,12,500,bce,1,CD,0.92522,0.0,0.75166,0.0,0.75166,0.0
teacher_12lead_500hz,12,500,bce,1,HYP,0.8362,0.0,0.48041,0.0,0.48041,0.0
