epoch,train_loss,train_acc,val_loss,val_acc,lr
1,1.0568413692800438,0.9003044577205882,0.37514117028978133,0.9989149305555556,0.0002999259840548597
2,0.132719861343503,0.9999712775735294,0.15907952189445496,1.0,0.0002997040092642407
3,0.09069290833876413,0.9999712775735294,0.13322644763522679,1.0,0.000299334294690462
4,0.07910516737576793,1.0,0.10250812934504615,1.0,0.0002988172051971717
5,0.0719691102995592,1.0,0.09860398372014363,1.0,0.00029815325108927063
6,0.06631991163115292,1.0,0.09166674647066328,1.0,0.00029734308760930326
7,0.06326121727333349,0.9999425551470589,0.08953062610493766,1.0,0.00029638751429081204
8,0.06150334668071831,0.9999712775735294,0.09664837270975113,1.0,0.0002952874741692946
9,0.05894962007946828,1.0,0.08544081532292896,1.0,0.00029404405285154137
10,0.057539141463006246,0.9999712775735294,0.08613365929987696,1.0,0.0002926584774442729
11,0.05773819747435696,1.0,0.09649745623270671,1.0,0.00029113211534313374
12,0.05619972933302907,1.0,0.12116610258817673,1.0,0.0002894664728832376
13,0.05496813833494397,1.0,0.07752379112773472,1.0,0.0002876631938525971
14,0.052802807158407045,0.9999712775735294,0.0760533751712905,1.0,0.0002857240578699029
15,0.05275958387509865,1.0,0.07699846103787422,1.0,0.00028365097862825513
16,0.05159116870559314,1.0,0.073909775664409,1.0,0.0002814460020065795
17,0.05091983808533234,1.0,0.07090902494059668,1.0,0.0002791113040505915
18,0.050003752495874375,1.0,0.07336229499843386,1.0,0.00027664918882530225
19,0.049841547056156045,1.0,0.07380499607986873,1.0,0.00027406208614118424
20,0.049700096906984556,1.0,0.07347193981210391,1.0,0.0002713525491562421
21,0.0488269054056967,1.0,0.07347072867883576,1.0,0.00026852325185635354
22,0.048562207423588806,1.0,0.07126717683341768,1.0,0.0002655769864163684
23,0.047558141927070474,1.0,0.06743515862358941,1.0,0.00026251666044456895
24,0.04737309459596872,1.0,0.06893194673789872,1.0,0.0002593452941132118
25,0.04752901755273342,1.0,0.07257411256432533,1.0,0.0002560660171779822
26,0.04762272334054989,0.9999712775735294,0.06651015248563555,1.0,0.00025268206588930335
27,0.04660285045118893,1.0,0.0629787068400118,1.0,0.0002491967797985478
28,0.04627354349941015,1.0,0.06726878964238697,1.0,0.0002456135984623035
29,0.04630163301001577,1.0,0.0635329360763232,1.0,0.00024193605804794655
30,0.04656755759873811,1.0,0.06491783054338561,1.0,0.00023816778784387105
31,0.04587440767928081,1.0,0.06358576565980911,1.0,0.00023431250667781966
32,0.04550033955670455,0.9999712775735294,0.06867844363053639,1.0,0.00023037401924684952
33,0.045295730397543484,1.0,0.06369323200649685,1.0,0.00022635621236255572
34,0.044854920193114704,1.0,0.06386211390296619,1.0,0.00022226305111525731
35,0.045127400690141845,1.0,0.06456965621974733,1.0,0.00021809857496093204
36,0.04477596387047978,1.0,0.06395144181119071,1.0,0.00021386689373476092
37,0.04441485838855014,1.0,0.0636665059460534,1.0,0.00020957218359521712
38,0.04428314253249589,1.0,0.05985411090983285,1.0,0.00020521868290270177
39,0.04432859748382779,1.0,0.059944296876589455,1.0,0.00020081068803679377
40,0.04408753148334868,1.0,0.06005173714624511,1.0,0.00019635254915624216
41,0.043774257030557186,1.0,0.05958656925294134,1.0,0.00019184866590588444
42,0.04356116456363131,1.0,0.060237761586904526,1.0,0.00018730348307472821
43,0.04318655775312115,1.0,0.06012539482778973,1.0,0.00018272148620948142
44,0.043221293948590755,1.0,0.058328495257430606,1.0,0.00017810719718785875
45,0.04330851718345109,1.0,0.05814287314812342,1.0,0.00017346516975603468
46,0.04297014462816365,1.0,0.058476130581564374,1.0,0.0001687999850346457
47,0.043215952813625336,1.0,0.05733316681451268,1.0,0.00016411624699777717
48,0.04265618127058534,1.0,0.06107671889993879,1.0,0.00015941857792939706
49,0.0425472017377615,1.0,0.057766461537943944,1.0,0.00015471161386171927
50,0.042578649597571176,1.0,0.057076296458641686,1.0,0.00015000000000000001
51,0.04218117153162465,1.0,0.05902555295162731,1.0,0.00014528838613828078
52,0.04237368198878625,1.0,0.058011073205206126,1.0,0.00014058142207060302
53,0.04254570652675979,1.0,0.058156160844696894,1.0,0.00013588375300222289
54,0.0420944709878634,1.0,0.056539307037989296,1.0,0.0001312000149653544
55,0.04215093543205191,1.0,0.05607719471057256,1.0,0.0001265348302439654
56,0.04193949808969217,1.0,0.057318860871924296,1.0,0.00012189280281214134
57,0.04184508515412316,1.0,0.058185871690511703,1.0,0.00011727851379051869
58,0.04171080427134738,1.0,0.05631436614526643,1.0,0.0001126965169252718
59,0.04153144792379702,1.0,0.055069562047719955,1.0,0.00010815133409411566
60,0.041466421118992215,1.0,0.05734300033913718,1.0,0.00010364745084375796
61,0.04139318739009254,1.0,0.05508664084805383,1.0,9.918931196320633e-05
62,0.04205658210112768,1.0,0.055071634550889335,1.0,9.478131709729838e-05
63,0.04138624733861755,1.0,0.054529777003659144,1.0,9.042781640478292e-05
64,0.04123650107751874,1.0,0.055409921126233205,1.0,8.613310626523913e-05
65,0.041462258928838897,1.0,0.054622798744175166,1.0,8.190142503906802e-05
66,0.04114729494732969,1.0,0.054558580534325704,1.0,7.773694888474271e-05
67,0.04076756904011264,1.0,0.05501638145910369,1.0,7.364378763744433e-05
68,0.04087476229623837,1.0,0.05585993536644512,1.0,6.96259807531505e-05
69,0.04093552786199486,1.0,0.05509929317567083,1.0,6.568749332218042e-05
70,0.04074539901579127,1.0,0.055455738885535136,1.0,6.183221215612908e-05
71,0.04059404660673702,1.0,0.054760337289836675,1.0,5.806394195205354e-05
72,0.040652556618785154,1.0,0.05471710777944989,1.0,5.438640153769656e-05
73,0.04077836043913575,1.0,0.0549806443353494,1.0,5.080322020145227e-05
74,0.04044816193773466,1.0,0.0539092943072319,1.0,4.731793411069671e-05
75,0.040381495786063815,1.0,0.053819612910350166,1.0,4.39339828220179e-05
76,0.04043045952258741,1.0,0.053502226869265236,1.0,4.065470588678832e-05
77,0.040277809507268315,1.0,0.0530410653187169,1.0,3.7483339555431075e-05
78,0.03986332445021938,1.0,0.053119048890140325,1.0,3.442301358363164e-05
79,0.04006734052125145,1.0,0.05454420712259081,1.0,3.147674814364645e-05
80,0.04004771026837475,1.0,0.05336245894432068,1.0,2.8647450843757908e-05
81,0.040429065058774805,1.0,0.05306656161944071,1.0,2.5937913858815748e-05
82,0.04003463784123168,1.0,0.05308112046784825,1.0,2.3350811174697777e-05
83,0.03977552445276695,1.0,0.05269358307123184,1.0,2.088869594940844e-05
84,0.040312846355578476,1.0,0.052695425434245005,1.0,1.8553997993420465e-05
85,0.03996192674864741,1.0,0.052587813387314476,1.0,1.6349021371744834e-05
86,0.03966546305181349,1.0,0.05277584493160248,1.0,1.4275942130097098e-05
87,0.03994310148717726,1.0,0.05254261112875409,1.0,1.2336806147402864e-05
88,0.03980034074800856,1.0,0.05261972670753797,1.0,1.0533527116762298e-05
89,0.03948037742691882,1.0,0.052290082391765386,1.0,8.867884656866183e-06
90,0.039705530302051234,1.0,0.05244472581479284,1.0,7.341522555726971e-06
91,0.03981284468489535,1.0,0.05250441821085082,1.0,5.955947148458557e-06
92,0.03965349730980747,1.0,0.05253803730010986,1.0,4.712525830705355e-06
93,0.03948999678387361,1.0,0.05243275397353702,1.0,3.612485709187901e-06
94,0.039458880200982094,1.0,0.05238041737013393,1.0,2.6569123906966916e-06
95,0.039517518078141356,1.0,0.052320025861263275,1.0,1.8467489107293509e-06
96,0.039659844218369794,1.0,0.05224147273434533,1.0,1.1827948028283352e-06
97,0.03975991696557578,1.0,0.05228808563616541,1.0,6.657053095380005e-07
98,0.03958833250491058,1.0,0.05234774781597985,1.0,2.9599073575926616e-07
99,0.03951755149618668,1.0,0.05238091697295507,1.0,7.401594514025999e-08
100,0.03944660252069726,1.0,0.05236082482669088,1.0,0.0
