epoch,phase,loss_bce,loss_kd,loss_diff,val_auc,val_f1,best
1,1,0.3083219834986855,0.135891902315266,1.3549370204701143,0.8499658273408117,0.589661770461824,True
2,1,0.30923135403324575,0.13608623033060746,0.97347731274717,0.8499670933727504,0.5913995741952566,True
3,1,0.3086678990546395,0.13708443764378042,0.8899525614345775,0.8499069241442496,0.592235660538305,False
4,1,0.309061719214215,0.1384117325000903,0.8568207761820625,0.8499556045937879,0.5901810547365626,False
5,1,0.30856745470972624,0.13685225783025518,0.8385520928046283,0.849993218788341,0.5902115621602386,True
6,1,0.3090989914010553,0.13631423716159427,0.8277948113048778,0.8499126153617775,0.5904961460679432,False
7,1,0.3096953358720331,0.13724459313294468,0.818531828768113,0.8500330367581495,0.5897892651606067,True
8,1,0.3082763070569319,0.1361587829887867,0.8119508694199955,0.8499309646568802,0.5928687487513346,False
9,1,0.30965232498505535,0.13641000100794962,0.8055959308848661,0.8500285830940969,0.5907746473734546,False
10,1,0.3093552642008838,0.137270378496717,0.8027435891768512,0.8500105362458147,0.5911375713324014,False
11,2,0.3273434507496217,0.17519386156516917,0.8001898123937494,0.8482772400177636,0.5934217512146425,False
12,2,0.31391411581460166,0.13020965150173971,0.795032708083882,0.8462368843383462,0.5811533165593914,False
13,2,0.3113946292330237,0.1358444234904121,0.7944624722003937,0.8472768554062016,0.5820143068557997,False
14,2,0.3091183716759962,0.13508588601561153,0.7934871298425338,0.8481783611201612,0.5994033770717173,False
15,2,0.30512331338489757,0.13061171003124294,0.790239213144078,0.8470995689129133,0.5894461550934104,False
16,2,0.3026437934707193,0.13117235329221277,0.787999829825233,0.8451651355010451,0.5871242322653808,False
17,2,0.3021746347932255,0.1323214690474903,0.7854984577964333,0.8453035082614097,0.5829008458269435,False
18,2,0.29901474801933065,0.13295176559511354,0.7826890559757457,0.8478415847018566,0.5919478595821362,False
19,2,0.29747169859269085,0.13237181700327816,0.7832429023349986,0.8467969384922716,0.5972206338303707,False
20,2,0.29574082002920266,0.13075751088121357,0.7792271410717684,0.8489357581125127,0.5820135949114666,False
21,2,0.29200417329283324,0.13230341103147059,0.7730912408407997,0.8477186471395358,0.5961002817056985,False
22,2,0.29071541130542755,0.13327319679014824,0.7692948912872988,0.8486167960413609,0.5939493158083253,False
23,2,0.2899223154082018,0.12987922307323008,0.7601299969589009,0.8483964771739588,0.595172083645974,False
24,2,0.2862971056910122,0.13010675635407953,0.7601241749875686,0.8474866080509216,0.5879358047124174,False
25,2,0.28445009887218475,0.13086130031768015,0.757463334237828,0.8492979105859721,0.5929594805868871,False
26,2,0.2826589214451173,0.1291474456734517,0.7474865177098442,0.8468515245300905,0.577872018790449,False
27,2,0.2824949043638566,0.1339928538483732,0.7417702482027166,0.8467699577761618,0.5851886299463303,False
28,2,0.27998195851550384,0.1294665582039777,0.7395596521742204,0.8479983112346916,0.5876576915301756,False
29,2,0.2780227441998089,0.13009939167429418,0.7351723225677714,0.8484830884839539,0.588583949776148,False
30,2,0.2752947535584955,0.1317143253982067,0.7306605630061206,0.8478379677773435,0.5949181473626056,False
31,2,0.2758869791732115,0.13472256393117063,0.7221032889450297,0.8465836528661393,0.5893048435647197,False
32,2,0.2765287748154472,0.1350159526747816,0.7192396574160632,0.8496107908583964,0.5935390465640312,False
33,2,0.27316995403345895,0.1311730343629332,0.7153890606235055,0.8493335819565649,0.5864962768903863,False
34,2,0.27130044733776765,0.12931492727468996,0.7111306278144612,0.8483913784958166,0.582695640087562,False
35,2,0.26919053933199716,0.1309261374613818,0.7069685441606185,0.8468429896911156,0.597971508984965,False
36,2,0.2689671555862707,0.12932384715360754,0.70412636329146,0.8484034036167578,0.5918632001577406,False
37,2,0.26738786522079916,0.132811538875103,0.6985137883354636,0.8480614596643132,0.5884685218797553,False
38,2,0.26760657526114406,0.1316404892679523,0.6945362318964565,0.8477213553910282,0.5907117692521938,False
39,2,0.26729533777517434,0.13184247100177934,0.6939402222633362,0.8488030570876711,0.5873686205299145,False
40,2,0.26704734081731124,0.13321823232314167,0.6895540602066937,0.8473758194292242,0.5769248286281539,False
41,2,0.26696913733201866,0.1357836865765207,0.6857133367482353,0.84815490503982,0.5849889755517903,False
42,2,0.265518415500136,0.13275286182761192,0.684397916583454,0.848545778719712,0.5840932108614475,False
43,2,0.2652839886791566,0.13225571066141129,0.6813543596688438,0.8480938056617159,0.5865649620833379,False
44,2,0.2631739250877324,0.13174080081722317,0.679919710930656,0.8492648375523139,0.5823615603704415,False
45,2,0.2627893914194668,0.13092085631454692,0.6742861270904541,0.8485141187194101,0.5887604181674073,False
46,2,0.2614626433042919,0.1307860148303649,0.6729843020439148,0.8488290063472792,0.5827720223527761,False
47,2,0.2613322840017431,0.13278589178534114,0.6701137493638432,0.848433964058664,0.5972017703500253,False
48,2,0.26313982115072365,0.13130099238718257,0.666133677258211,0.8487932303451547,0.5870334067648371,False
49,2,0.260784288539606,0.13165819338139365,0.6642579751856187,0.847588726267538,0.5865207580989603,False
50,2,0.2618421956020243,0.13328253521638758,0.6622463061529047,0.8484293239584826,0.5867377926602206,False
51,2,0.26035842387115254,0.13088182316106908,0.662614305229748,0.8482836772696236,0.5886033282716483,False
52,2,0.2598141002304414,0.1314930573982351,0.6599550983485054,0.8481910232565456,0.5888057813980189,False
53,2,0.25921958421959596,0.1321493807960959,0.6573725220035104,0.8481005934314652,0.5887120364120747,False
54,2,0.25911543825093436,0.13125279984053442,0.6565898989929873,0.8480945502188735,0.5881265777695888,False
55,2,0.25785890878999934,0.13073081347872229,0.6574717830209171,0.8472712745579416,0.5906348435972184,False
56,2,0.25893525910728116,0.13176356803844957,0.654536140315673,0.8479837831440733,0.5823503893877318,False
57,2,0.2586729298619663,0.13159232301747098,0.6516008412136751,0.8476342397247466,0.5956909696071611,False
58,2,0.259713858804282,0.13260658501702197,0.6498965533340678,0.8481866553175849,0.5887309557044592,False
59,2,0.2579021050649531,0.13139532133936882,0.6478438763057485,0.8481193616342548,0.5881936182501334,False
60,2,0.25761519723078785,0.1296778327840216,0.6477721806834725,0.8481082450952886,0.5874633838919833,False
61,2,0.2574709268177257,0.1303204727523467,0.6478385381838855,0.8481352255491134,0.5856360667733818,False
62,2,0.25778434557073254,0.13235124923727093,0.6437042530845193,0.8483880739746826,0.5870493753973807,False
63,2,0.2574027360362165,0.13300010452375693,0.6423357076504651,0.8479956771739511,0.586752803266367,False
64,2,0.25726519218262506,0.13027668590931332,0.6437981251408073,0.8482848978207448,0.5852336695035898,False
65,2,0.2568635743330507,0.13067145777099273,0.642395976711722,0.8483615026398367,0.5911981828439088,False
66,2,0.2564318771747982,0.13029895328423557,0.6386109257445616,0.8481710998888753,0.5917749636328404,False
67,2,0.25740690047250075,0.13352400524651303,0.640563544105081,0.8479698432188704,0.5887710174262606,False
68,2,0.25757188130827513,0.13309300406014218,0.6380599369021023,0.8484602038982926,0.5877134736156349,False
69,2,0.25606180771308784,0.13122130579808178,0.6383628950399511,0.8482622282890381,0.5878018243645742,False
70,2,0.25591177668641596,0.13006102403297143,0.635530725998037,0.848747844510244,0.5883569920518974,False
71,2,0.2558506898143712,0.12845418865189834,0.6352187342503491,0.8483290094400034,0.5906231066378451,False
72,2,0.255633908597862,0.13013222550644593,0.633706708164776,0.848561085933869,0.5867914873397897,False
73,2,0.25620106826810274,0.1318413459641092,0.6336280089967391,0.8487708763168053,0.5860214819009204,False
74,2,0.25633685553775115,0.1301354235585998,0.6322649892638711,0.8481973314709418,0.5901800226538791,False
75,2,0.2553301694638589,0.1304781677968362,0.6338121610529283,0.8483838841382007,0.5912666836589352,False
76,2,0.2552220014964833,0.13085126328994245,0.6303104565424078,0.8484175885520788,0.5897395828052695,False
77,2,0.25504906869986477,0.12914812564849854,0.6322563781457788,0.8486121946164591,0.5874006886788551,False
78,2,0.25466501844279904,0.1291734129190445,0.632787369629916,0.8487086716822537,0.5869695768737191,False
79,2,0.25533565528252544,0.13025880846030571,0.6296790996018578,0.8480948290712039,0.5898263663820592,False
80,2,0.2550407170372851,0.1295903555172331,0.6298979257836061,0.8483194846639858,0.5889944091865795,False
81,2,0.25524726641528744,0.1289149829569985,0.6286931651480058,0.8481901938313703,0.587501876219582,False
82,2,0.2549099453231868,0.129419857307392,0.6289822459220886,0.8483557560895554,0.5882670034982809,False
83,2,0.25474916924448576,0.129265176022754,0.6299728049951441,0.8482552185456746,0.5883080107055394,False
84,2,0.2546849071102984,0.12875420271473773,0.630543424802668,0.8483870083719294,0.590144511576531,False
85,2,0.2540378592470113,0.12941499689922614,0.6333402973764083,0.8484087570670859,0.590328251224788,False
86,2,0.25477884096257825,0.1281963643782279,0.6293401910978205,0.8483283348128816,0.5895610722043385,False
87,2,0.2538477072820944,0.12926659820710912,0.6275183961671942,0.8485867620787964,0.5891248324496684,False
88,2,0.2541673003750689,0.12809041799867854,0.628406987470739,0.8483917804549392,0.5899712082488968,False
89,2,0.25466084217323975,0.1290164841886829,0.6317964722128475,0.8485389504357634,0.5916590164545563,False
90,2,0.2543197177788791,0.12959777629550764,0.627857390572043,0.8485381604451938,0.5878432614128843,False
91,3,0.2540047742864665,0.12839633708491044,0.0,0.848554162613804,0.5881046459745913,False
92,3,0.25407983012059154,0.12959962864132488,0.0,0.848624011631588,0.5866906126697768,False
93,3,0.25370585743118734,0.12895792876096332,0.0,0.8484627145425139,0.5911136069464871,False
94,3,0.2540666311979294,0.1292282533557976,0.0,0.8484547221271006,0.5900248900374694,False
95,3,0.2538174241781235,0.12914810965166373,0.0,0.8485157885353809,0.5886858230896047,False
96,3,0.2529761769315776,0.12847415774184115,0.0,0.8485576035432771,0.5903062992137453,False
97,3,0.2533745287972338,0.12942972823100932,0.0,0.8484472835892343,0.5890329543055112,False
98,3,0.2533172623199575,0.12949888517751412,0.0,0.8484675938024264,0.5893072757191415,False
99,3,0.2531851657173213,0.12813578962403185,0.0,0.8484394299273799,0.5893336766604536,False
100,3,0.2535620612256667,0.12880119023954167,0.0,0.8484468171349173,0.5875864356138758,False
