epoch,bce,kd,crf,feat,att,label_corr,akd_weight,mean_recoverability,mean_r500,mean_r100,total,val_auc,val_f1,best_val_auc
1,0.45516,1.10076,0.0,0.0,0.0,0.0,0.0,0.94671,0.95276,0.93764,1.55592,0.80822,0.49415,0.80822
2,0.37627,0.99637,0.0,0.0,0.0,0.0,0.0,0.94666,0.95274,0.93753,1.37264,0.82836,0.53296,0.82836
3,0.36387,0.98227,0.0,0.0,0.0,0.0,0.0,0.94666,0.95273,0.93757,1.34613,0.83807,0.5929,0.83807
4,0.35437,0.97565,0.0,0.0,0.0,0.0,0.0,0.94669,0.95277,0.93757,1.33001,0.83874,0.57354,0.83874
5,0.34785,0.9714,0.0,0.0,0.0,0.0,0.0,0.94675,0.95284,0.9376,1.31925,0.83969,0.57274,0.83969
6,0.3415,0.96891,0.0,0.0,0.0,0.0,0.0,0.9467,0.95279,0.93757,1.31041,0.83865,0.58319,0.83969
7,0.33867,0.96946,0.0,0.0,0.0,0.0,0.0,0.94669,0.95275,0.9376,1.30813,0.83493,0.54594,0.83969
8,0.33173,0.96707,0.0,0.0,0.0,0.0,0.0,0.94672,0.95278,0.93764,1.2988,0.84063,0.58018,0.84063
9,0.3261,0.96812,0.0,0.0,0.0,0.0,0.0,0.9467,0.95275,0.93763,1.29421,0.84232,0.5797,0.84232
10,0.32166,0.96743,0.0,0.0,0.0,0.0,0.0,0.94682,0.95287,0.93773,1.28909,0.84122,0.57131,0.84232
11,0.31448,0.96758,0.0,0.0,0.0,0.0,0.0,0.94673,0.9528,0.93762,1.28206,0.83973,0.58757,0.84232
12,0.30901,0.96781,0.0,0.0,0.0,0.0,0.0,0.94667,0.95277,0.93752,1.27682,0.84082,0.56253,0.84232
13,0.30175,0.97032,0.0,0.0,0.0,0.0,0.0,0.94667,0.95274,0.93756,1.27208,0.83838,0.5803,0.84232
14,0.29435,0.97151,0.0,0.0,0.0,0.0,0.0,0.9467,0.95276,0.9376,1.26586,0.84457,0.57425,0.84457
15,0.28445,0.97247,0.0,0.0,0.0,0.0,0.0,0.9467,0.95281,0.93752,1.25692,0.83589,0.57224,0.84457
16,0.27909,0.97599,0.0,0.0,0.0,0.0,0.0,0.94668,0.95275,0.93757,1.25507,0.83864,0.57268,0.84457
17,0.27188,0.97883,0.0,0.0,0.0,0.0,0.0,0.94673,0.9528,0.93763,1.25071,0.83462,0.58838,0.84457
18,0.25589,0.98133,0.0,0.0,0.0,0.0,0.0,0.94674,0.95279,0.93766,1.23722,0.83884,0.54877,0.84457
19,0.24054,0.98441,0.0,0.0,0.0,0.0,0.0,0.94665,0.95276,0.93749,1.22495,0.8384,0.57426,0.84457
20,0.22474,0.98988,0.0,0.0,0.0,0.0,0.0,0.94664,0.9527,0.93755,1.21462,0.83812,0.57334,0.84457
21,0.21437,0.9933,0.0,0.0,0.0,0.0,0.0,0.94668,0.95273,0.9376,1.20767,0.83338,0.56492,0.84457
22,0.19927,0.99749,0.0,0.0,0.0,0.0,0.0,0.94671,0.95279,0.93759,1.19676,0.83808,0.56008,0.84457
23,0.19157,1.00042,0.0,0.0,0.0,0.0,0.0,0.94673,0.95281,0.93761,1.19199,0.83514,0.57724,0.84457
24,0.18159,1.00178,0.0,0.0,0.0,0.0,0.0,0.94666,0.95272,0.93756,1.18336,0.84177,0.58432,0.84457
25,0.1705,1.00597,0.0,0.0,0.0,0.0,0.0,0.94673,0.95281,0.93761,1.17647,0.83421,0.55631,0.84457
26,0.16568,1.00625,0.0,0.0,0.0,0.0,0.0,0.94674,0.9528,0.93766,1.17193,0.83245,0.56507,0.84457
27,0.15953,1.0083,0.0,0.0,0.0,0.0,0.0,0.94668,0.95275,0.93756,1.16783,0.83586,0.58553,0.84457
28,0.15549,1.00975,0.0,0.0,0.0,0.0,0.0,0.94669,0.95274,0.93761,1.16524,0.83861,0.58999,0.84457
29,0.15322,1.00963,0.0,0.0,0.0,0.0,0.0,0.94667,0.95276,0.93754,1.16284,0.83788,0.57629,0.84457
30,0.15027,1.01023,0.0,0.0,0.0,0.0,0.0,0.94666,0.95274,0.93753,1.1605,0.83846,0.59411,0.84457
31,0.14787,1.01016,0.0,0.0,0.0,0.0,0.0,0.94665,0.95271,0.93756,1.15804,0.83817,0.56216,0.84457
32,0.14656,1.0109,0.0,0.0,0.0,0.0,0.0,0.94667,0.95272,0.9376,1.15746,0.83688,0.58069,0.84457
33,0.14522,1.01004,0.0,0.0,0.0,0.0,0.0,0.94673,0.95279,0.93764,1.15526,0.83805,0.57849,0.84457
34,0.14398,1.0103,0.0,0.0,0.0,0.0,0.0,0.94663,0.95275,0.93746,1.15428,0.83998,0.58434,0.84457
35,0.14158,1.01032,0.0,0.0,0.0,0.0,0.0,0.94668,0.95277,0.93754,1.1519,0.84006,0.5805,0.84457
36,0.14092,1.01106,0.0,0.0,0.0,0.0,0.0,0.94673,0.9528,0.93764,1.15198,0.83874,0.57836,0.84457
37,0.14104,1.01034,0.0,0.0,0.0,0.0,0.0,0.94663,0.95272,0.93749,1.15139,0.83885,0.575,0.84457
38,0.1396,1.01006,0.0,0.0,0.0,0.0,0.0,0.94662,0.95268,0.93753,1.14965,0.8406,0.5848,0.84457
39,0.14009,1.01086,0.0,0.0,0.0,0.0,0.0,0.94666,0.95273,0.93756,1.15095,0.83923,0.5737,0.84457
40,0.1385,1.00911,0.0,0.0,0.0,0.0,0.0,0.9467,0.95278,0.93757,1.14761,0.83867,0.57837,0.84457
41,0.13806,1.01032,0.0,0.0,0.0,0.0,0.0,0.94666,0.95271,0.93759,1.14838,0.84054,0.57433,0.84457
42,0.13855,1.01103,0.0,0.0,0.0,0.0,0.0,0.94667,0.95275,0.93756,1.14958,0.84024,0.57013,0.84457
43,0.1373,1.0094,0.0,0.0,0.0,0.0,0.0,0.9467,0.95278,0.93759,1.14669,0.83957,0.57477,0.84457
44,0.13795,1.00966,0.0,0.0,0.0,0.0,0.0,0.94666,0.95274,0.93753,1.14761,0.84004,0.58014,0.84457
45,0.13745,1.01042,0.0,0.0,0.0,0.0,0.0,0.94669,0.95274,0.93761,1.14787,0.83993,0.58165,0.84457
46,0.13789,1.01033,0.0,0.0,0.0,0.0,0.0,0.94675,0.9528,0.93766,1.14823,0.84126,0.5863,0.84457
47,0.13885,1.01133,0.0,0.0,0.0,0.0,0.0,0.9467,0.95276,0.9376,1.15017,0.84001,0.58227,0.84457
48,0.13809,1.00975,0.0,0.0,0.0,0.0,0.0,0.94674,0.95283,0.9376,1.14785,0.84083,0.56808,0.84457
49,0.13616,1.01052,0.0,0.0,0.0,0.0,0.0,0.94678,0.95287,0.93764,1.14668,0.84064,0.57678,0.84457
50,0.13591,1.00994,0.0,0.0,0.0,0.0,0.0,0.94672,0.95278,0.93763,1.14585,0.83985,0.5813,0.84457
51,0.13639,1.01091,0.0,0.0,0.0,0.0,0.0,0.94666,0.95276,0.9375,1.1473,0.84159,0.58258,0.84457
52,0.13582,1.01012,0.0,0.0,0.0,0.0,0.0,0.94674,0.9528,0.93765,1.14594,0.84189,0.57594,0.84457
53,0.13495,1.00853,0.0,0.0,0.0,0.0,0.0,0.94675,0.95284,0.93761,1.14348,0.84048,0.58364,0.84457
54,0.13531,1.0102,0.0,0.0,0.0,0.0,0.0,0.94668,0.95275,0.93757,1.14551,0.84106,0.58618,0.84457
55,0.13519,1.0098,0.0,0.0,0.0,0.0,0.0,0.94675,0.95278,0.9377,1.14499,0.84034,0.57477,0.84457
56,0.13519,1.01031,0.0,0.0,0.0,0.0,0.0,0.94668,0.95277,0.93754,1.1455,0.84214,0.57561,0.84457
57,0.1354,1.01045,0.0,0.0,0.0,0.0,0.0,0.94675,0.95282,0.93764,1.14585,0.84058,0.57775,0.84457
58,0.13574,1.00961,0.0,0.0,0.0,0.0,0.0,0.9467,0.95278,0.93757,1.14535,0.8407,0.57998,0.84457
59,0.13412,1.00923,0.0,0.0,0.0,0.0,0.0,0.94662,0.9527,0.9375,1.14335,0.84177,0.57339,0.84457
60,0.13514,1.01017,0.0,0.0,0.0,0.0,0.0,0.94666,0.95271,0.93758,1.14531,0.8415,0.57772,0.84457
61,0.13467,1.00951,0.0,0.0,0.0,0.0,0.0,0.94664,0.9527,0.93756,1.14418,0.84137,0.57665,0.84457
62,0.1347,1.0098,0.0,0.0,0.0,0.0,0.0,0.94661,0.95268,0.93751,1.1445,0.84086,0.58028,0.84457
63,0.13427,1.0091,0.0,0.0,0.0,0.0,0.0,0.94679,0.95284,0.93771,1.14337,0.8407,0.58606,0.84457
64,0.13434,1.00908,0.0,0.0,0.0,0.0,0.0,0.94671,0.95277,0.93762,1.14342,0.84076,0.58787,0.84457
65,0.13437,1.01007,0.0,0.0,0.0,0.0,0.0,0.94668,0.95275,0.93759,1.14445,0.84077,0.57792,0.84457
66,0.13456,1.00903,0.0,0.0,0.0,0.0,0.0,0.94672,0.9528,0.9376,1.14359,0.84091,0.5804,0.84457
67,0.13413,1.0095,0.0,0.0,0.0,0.0,0.0,0.94673,0.95279,0.93765,1.14363,0.84074,0.58553,0.84457
68,0.13376,1.00976,0.0,0.0,0.0,0.0,0.0,0.94667,0.95277,0.93753,1.14353,0.84117,0.58037,0.84457
69,0.13391,1.00883,0.0,0.0,0.0,0.0,0.0,0.9468,0.95288,0.93769,1.14274,0.84148,0.5821,0.84457
70,0.13384,1.00899,0.0,0.0,0.0,0.0,0.0,0.9467,0.95279,0.93755,1.14283,0.84099,0.5756,0.84457
71,0.13378,1.00941,0.0,0.0,0.0,0.0,0.0,0.94669,0.95275,0.9376,1.14319,0.8409,0.58306,0.84457
72,0.13356,1.00908,0.0,0.0,0.0,0.0,0.0,0.9467,0.95276,0.9376,1.14264,0.84118,0.58672,0.84457
73,0.13366,1.0092,0.0,0.0,0.0,0.0,0.0,0.94665,0.95271,0.93755,1.14287,0.84074,0.57899,0.84457
74,0.13339,1.00957,0.0,0.0,0.0,0.0,0.0,0.94669,0.95276,0.93758,1.14296,0.84169,0.58819,0.84457
75,0.13387,1.0094,0.0,0.0,0.0,0.0,0.0,0.94668,0.95276,0.93755,1.14327,0.84113,0.5832,0.84457
76,0.13344,1.00905,0.0,0.0,0.0,0.0,0.0,0.94665,0.95272,0.93754,1.14248,0.84127,0.57509,0.84457
77,0.13347,1.0087,0.0,0.0,0.0,0.0,0.0,0.94678,0.95284,0.93767,1.14217,0.84118,0.57882,0.84457
78,0.13341,1.00933,0.0,0.0,0.0,0.0,0.0,0.94665,0.9527,0.93757,1.14274,0.84092,0.57695,0.84457
79,0.13307,1.00949,0.0,0.0,0.0,0.0,0.0,0.94665,0.95273,0.93753,1.14256,0.84108,0.58462,0.84457
80,0.1335,1.00888,0.0,0.0,0.0,0.0,0.0,0.94673,0.9528,0.93763,1.14238,0.84148,0.58502,0.84457
81,0.13337,1.00879,0.0,0.0,0.0,0.0,0.0,0.94669,0.95278,0.93755,1.14216,0.84119,0.57776,0.84457
82,0.1331,1.00907,0.0,0.0,0.0,0.0,0.0,0.94668,0.95274,0.93759,1.14217,0.84099,0.58224,0.84457
83,0.13326,1.0093,0.0,0.0,0.0,0.0,0.0,0.94669,0.95279,0.93755,1.14257,0.84139,0.57873,0.84457
84,0.13302,1.00837,0.0,0.0,0.0,0.0,0.0,0.94672,0.9528,0.9376,1.14139,0.84136,0.582,0.84457
85,0.1331,1.00858,0.0,0.0,0.0,0.0,0.0,0.94667,0.95273,0.93759,1.14167,0.84116,0.58089,0.84457
86,0.13328,1.00798,0.0,0.0,0.0,0.0,0.0,0.94677,0.95284,0.93768,1.14127,0.84131,0.58472,0.84457
87,0.13264,1.00965,0.0,0.0,0.0,0.0,0.0,0.94668,0.95275,0.93757,1.14229,0.84133,0.57929,0.84457
88,0.13284,1.00763,0.0,0.0,0.0,0.0,0.0,0.94669,0.95274,0.93761,1.14047,0.84131,0.5823,0.84457
89,0.13294,1.00944,0.0,0.0,0.0,0.0,0.0,0.94676,0.95283,0.93765,1.14238,0.84133,0.58105,0.84457
90,0.13327,1.00865,0.0,0.0,0.0,0.0,0.0,0.94668,0.95278,0.93754,1.14192,0.84126,0.58096,0.84457
91,0.13295,1.00869,0.0,0.0,0.0,0.0,0.0,0.94671,0.95278,0.93761,1.14164,0.84139,0.58265,0.84457
92,0.13295,1.00901,0.0,0.0,0.0,0.0,0.0,0.94667,0.95275,0.93755,1.14196,0.84126,0.58494,0.84457
93,0.1329,1.00898,0.0,0.0,0.0,0.0,0.0,0.94669,0.95276,0.93759,1.14188,0.84137,0.57992,0.84457
94,0.13264,1.00837,0.0,0.0,0.0,0.0,0.0,0.94674,0.95282,0.93762,1.14101,0.84139,0.57902,0.84457
95,0.13313,1.00855,0.0,0.0,0.0,0.0,0.0,0.94672,0.9528,0.9376,1.14168,0.84138,0.58247,0.84457
96,0.13273,1.00922,0.0,0.0,0.0,0.0,0.0,0.94666,0.95273,0.93754,1.14195,0.84139,0.58025,0.84457
97,0.13272,1.0087,0.0,0.0,0.0,0.0,0.0,0.94665,0.95275,0.93751,1.14141,0.8413,0.58195,0.84457
98,0.1331,1.00837,0.0,0.0,0.0,0.0,0.0,0.94669,0.95274,0.93761,1.14148,0.84132,0.58442,0.84457
99,0.13258,1.00819,0.0,0.0,0.0,0.0,0.0,0.94672,0.95275,0.93768,1.14077,0.84125,0.57846,0.84457
100,0.13265,1.00836,0.0,0.0,0.0,0.0,0.0,0.9467,0.95279,0.93756,1.14101,0.84136,0.58119,0.84457
